[
    {
        "slno":1,
        "Login":"Defunkt",
        "ID":2,
        "NodeID":"MDQ6VXNlcjI",
        "Type":"User",
        "SiteAdministrator":"false",
        "FollowersUrl" : "https://api.github.com/users/defunct"

    },
    {
        "slno":2,
        "Login":"Defunkt",
        "ID":2,
        "NodeID":"MDQ6VXNlcjI",
        "Type":"User",
        "SiteAdministrator":"false",
        "FollowersUrl" : "https://api.github.com/users/defunct"
    },
    {
        "slno":3,
        "Login":"Defunkt",
        "ID":2,
        "NodeID":"MDQ6VXNlcjI",
        "Type":"User",
        "SiteAdministrator":"false",
        "FollowersUrl" : "https://api.github.com/users/defunct"
    },
    {
        "slno":4,
        "Login":"Defunkt",
        "ID":2,
        "NodeID":"MDQ6VXNlcjI",
        "Type":"User",
        "SiteAdministrator":"false",
        "FollowersUrl" : "https://api.github.com/users/defunct"
    },
    {
        "slno":5,
        "Login":"Defunkt",
        "ID":2,
        "NodeID":"MDQ6VXNlcjI",
        "Type":"User",
        "SiteAdministrator":"false",
        "FollowersUrl" : "https://api.github.com/users/defunct"
    },
    {
        "slno":6,
        "Login":"Defunkt",
        "ID":2,
        "NodeID":"MDQ6VXNlcjI",
        "Type":"User",
        "SiteAdministrator":"false",
        "FollowersUrl" : "https://api.github.com/users/defunct"
    },
    {
        "slno":7,
        "Login":"Defunkt",
        "ID":2,
        "NodeID":"MDQ6VXNlcjI",
        "Type":"User",
        "SiteAdministrator":"false",
        "FollowersUrl" : "https://api.github.com/users/defunct"
    },
    {
        "slno":8,
        "Login":"Defunkt",
        "ID":2,
        "NodeID":"MDQ6VXNlcjI",
        "Type":"User",
        "SiteAdministrator":"false",
        "FollowersUrl" : "https://api.github.com/users/defunct"
    }

]